{
  "generated_at": "2026-05-13T19:30:17.987742+00:00",
  "runtime_sec": 50.27,
  "tier": "all",
  "dataset": {
    "n_events": 38460,
    "n_tickers": 138
  },
  "per_stock": {
    "trained": 131,
    "accepted": 106,
    "rejected": 25,
    "mean_auc": 0.8394430654108397,
    "mean_log_loss": 0.4180949557576218,
    "mean_calibration_error": 5.33935387808492e-17
  },
  "per_sector": {
    "trained": 11,
    "accepted": 10,
    "rejected": 1,
    "mean_auc": 0.7394614455756574,
    "mean_log_loss": 0.544812665655766,
    "mean_calibration_error": 1.4710455076283324e-16
  },
  "global": {
    "trained": 1,
    "accepted": 1,
    "rejected": 0,
    "mean_auc": 0.7905139482746605,
    "mean_log_loss": 0.49536454178793754,
    "mean_calibration_error": 2.220446049250313e-16
  },
  "calibration_pass_rate": 1.0,
  "event_counts_by_ticker": {
    "AAYAN": 309,
    "AAYANRE": 313,
    "ABAR": 382,
    "ABK": 263,
    "ACICO": 206,
    "AINS": 167,
    "ALAQARIA": 317,
    "ALDEERA": 347,
    "ALEID": 169,
    "ALG": 169,
    "ALIMTIAZ": 345,
    "ALKOUT": 170,
    "ALMANAR": 272,
    "ALOLA": 495,
    "ALSAFAT": 330,
    "ALTIJARIA": 419,
    "AMAR": 232,
    "AQAR": 275,
    "ARABREC": 283,
    "AREEC": 208,
    "ARGAN": 463,
    "ARKAN": 300,
    "ARZAN": 319,
    "ASC": 510,
    "ASIYA": 257,
    "ATC": 139,
    "AZNOULA": 162,
    "BAYANINV": 441,
    "BEYOUT": 92,
    "BOUBYAN": 102,
    "BOURSA": 212,
    "BPCC": 90,
    "BURG": 205,
    "CABLE": 196,
    "CATTL": 308,
    "CBK": 288,
    "CGC": 293,
    "CLEANING": 481,
    "COAST": 327,
    "DALQANRE": 353,
    "DIGITUS": 290,
    "EKTTITAB": 351,
    "EMIRATES": 318,
    "ENERGYH": 305,
    "EQUIPMENT": 387,
    "ERESCO": 428,
    "FACIL": 303,
    "FTI": 372,
    "FUTUREKID": 364,
    "GBK": 197,
    "GFC": 234,
    "GFH": 256,
    "GIH": 332,
    "GINS": 86,
    "HUMANSOFT": 104,
    "IFA": 257,
    "IFAHR": 240,
    "INJAZZAT": 210,
    "INOVEST": 459,
    "INTEGRATED": 182,
    "IPG": 201,
    "JAZEERA": 243,
    "JTC": 268,
    "KAMCO": 356,
    "KBT": 384,
    "KCEM": 466,
    "KCIN": 102,
    "KCPC": 169,
    "KFH": 65,
    "KFIC": 330,
    "KFOUC": 242,
    "KGL": 317,
    "KHOT": 191,
    "KIB": 234,
    "KINS": 225,
    "KINV": 294,
    "KMEFIC": 295,
    "KPPC": 370,
    "KPROJ": 186,
    "KRE": 306,
    "KUWAITRE": 120,
    "MABANEE": 180,
    "MADAR": 278,
    "MANAZEL": 404,
    "MARAKEZ": 380,
    "MARKAZ": 323,
    "MASAKEN": 306,
    "MASHAER": 326,
    "MAZAYA": 215,
    "MENA": 179,
    "MEZZAN": 307,
    "MIDAN": 28,
    "MKHZN": 202,
    "MRC": 455,
    "MUBARRAD": 258,
    "MUNSHAAT": 287,
    "MUNTAZAHAT": 295,
    "NAPESCO": 147,
    "NBK": 109,
    "NCCI": 346,
    "NICBM": 250,
    "NIH": 464,
    "NIND": 216,
    "NINV": 251,
    "NOOR": 287,
    "NRE": 321,
    "OOREDOO": 290,
    "OSOS": 332,
    "OSOUL": 365,
    "OULAFUEL": 375,
    "PAPCO": 346,
    "PAPER": 363,
    "PCEM": 26,
    "QIC": 210,
    "RASIYAT": 296,
    "SANAM": 408,
    "SECH": 283,
    "SENERGY": 394,
    "SHIP": 206,
    "SOKOUK": 278,
    "SOOR": 387,
    "SPEC": 401,
    "SRE": 43,
    "STC": 154,
    "TAHSSILAT": 431,
    "TAM": 105,
    "TAMINV": 173,
    "THURAYA": 283,
    "TIJARA": 299,
    "UNICAP": 356,
    "UPAC": 419,
    "URC": 365,
    "VALMORE": 185,
    "WARBABANK": 290,
    "WARBACAP": 423,
    "WETHAQ": 431,
    "WINSRE": 347,
    "ZAIN": 134
  },
  "ticker_sector_map": {
    "AAYAN": "investment",
    "AAYANRE": "real_estate",
    "ABAR": "holding_misc",
    "ABK": "banking",
    "ACICO": "industrial",
    "AINS": "insurance",
    "ALAQARIA": "real_estate",
    "ALDEERA": "holding_misc",
    "ALEID": "consumer",
    "ALG": "holding_misc",
    "ALIMTIAZ": "investment",
    "ALKOUT": "industrial",
    "ALMANAR": "investment",
    "ALOLA": "investment",
    "ALSAFAT": "investment",
    "ALTIJARIA": "real_estate",
    "AMAR": "investment",
    "AQAR": "real_estate",
    "ARABREC": "real_estate",
    "AREEC": "real_estate",
    "ARGAN": "real_estate",
    "ARKAN": "real_estate",
    "ARZAN": "investment",
    "ASC": "technology",
    "ASIYA": "investment",
    "ATC": "technology",
    "AZNOULA": "energy",
    "BAYANINV": "investment",
    "BEYOUT": "holding_misc",
    "BOUBYAN": "banking",
    "BOURSA": "holding_misc",
    "BPCC": "holding_misc",
    "BURG": "banking",
    "CABLE": "industrial",
    "CATTL": "transport",
    "CBK": "banking",
    "CGC": "holding_misc",
    "CLEANING": "holding_misc",
    "COAST": "investment",
    "DALQANRE": "real_estate",
    "DIGITUS": "technology",
    "EKTTITAB": "holding_misc",
    "EMIRATES": "holding_misc",
    "ENERGYH": "energy",
    "EQUIPMENT": "holding_misc",
    "ERESCO": "real_estate",
    "FACIL": "holding_misc",
    "FTI": "insurance",
    "FUTUREKID": "real_estate",
    "GBK": "banking",
    "GFC": "holding_misc",
    "GFH": "investment",
    "GIH": "investment",
    "GINS": "insurance",
    "HUMANSOFT": "holding_misc",
    "IFA": "investment",
    "IFAHR": "real_estate",
    "INJAZZAT": "real_estate",
    "INOVEST": "holding_misc",
    "INTEGRATED": "holding_misc",
    "IPG": "energy",
    "JAZEERA": "transport",
    "JTC": "transport",
    "KAMCO": "investment",
    "KBT": "real_estate",
    "KCEM": "industrial",
    "KCIN": "consumer",
    "KCPC": "holding_misc",
    "KFH": "holding_misc",
    "KFIC": "holding_misc",
    "KFOUC": "holding_misc",
    "KGL": "transport",
    "KHOT": "real_estate",
    "KIB": "banking",
    "KINS": "insurance",
    "KINV": "investment",
    "KMEFIC": "investment",
    "KPPC": "holding_misc",
    "KPROJ": "holding_misc",
    "KRE": "real_estate",
    "KUWAITRE": "insurance",
    "MABANEE": "holding_misc",
    "MADAR": "holding_misc",
    "MANAZEL": "holding_misc",
    "MARAKEZ": "real_estate",
    "MARKAZ": "investment",
    "MASAKEN": "real_estate",
    "MASHAER": "holding_misc",
    "MAZAYA": "holding_misc",
    "MENA": "real_estate",
    "MEZZAN": "holding_misc",
    "MIDAN": "consumer",
    "MKHZN": "holding_misc",
    "MRC": "holding_misc",
    "MUBARRAD": "holding_misc",
    "MUNSHAAT": "real_estate",
    "MUNTAZAHAT": "real_estate",
    "NAPESCO": "energy",
    "NBK": "banking",
    "NCCI": "consumer",
    "NICBM": "industrial",
    "NIH": "holding_misc",
    "NIND": "industrial",
    "NINV": "investment",
    "NOOR": "investment",
    "NRE": "real_estate",
    "OOREDOO": "telecom",
    "OSOS": "holding_misc",
    "OSOUL": "investment",
    "OULAFUEL": "energy",
    "PAPCO": "holding_misc",
    "PAPER": "industrial",
    "PCEM": "industrial",
    "QIC": "investment",
    "RASIYAT": "holding_misc",
    "SANAM": "holding_misc",
    "SECH": "holding_misc",
    "SENERGY": "energy",
    "SHIP": "transport",
    "SOKOUK": "holding_misc",
    "SOOR": "energy",
    "SPEC": "holding_misc",
    "SRE": "real_estate",
    "STC": "telecom",
    "TAHSSILAT": "holding_misc",
    "TAM": "real_estate",
    "TAMINV": "investment",
    "THURAYA": "real_estate",
    "TIJARA": "real_estate",
    "UNICAP": "investment",
    "UPAC": "transport",
    "URC": "real_estate",
    "VALMORE": "holding_misc",
    "WARBABANK": "banking",
    "WARBACAP": "investment",
    "WETHAQ": "insurance",
    "WINSRE": "insurance",
    "ZAIN": "telecom"
  },
  "per_stock_top5_auc": [
    {
      "ticker": "AAYANRE",
      "auc": 1.0
    },
    {
      "ticker": "ABK",
      "auc": 1.0
    },
    {
      "ticker": "AINS",
      "auc": 1.0
    },
    {
      "ticker": "ALKOUT",
      "auc": 1.0
    },
    {
      "ticker": "ALSAFAT",
      "auc": 1.0
    }
  ],
  "per_stock_bottom5_auc": [
    {
      "ticker": "NAPESCO",
      "auc": 0.6
    },
    {
      "ticker": "TAHSSILAT",
      "auc": 0.5922619047619048
    },
    {
      "ticker": "MUNTAZAHAT",
      "auc": 0.5789473684210527
    },
    {
      "ticker": "AREEC",
      "auc": 0.5777777777777777
    },
    {
      "ticker": "KHOT",
      "auc": 0.55625
    }
  ]
}